0.18924,-2.171,-0.17449,-0.60199,1.8733,1.2919,0.82171,-1.1041,0.2565,1.004,-1.1683,-1.3573,0.55968,0.56516,-0.96307,0.6462,-0.70035,-0.34385,0.50329,0.099395,-0.032467,-0.78871,-0.27851,0.92742,0.16419,-0.026912,-0.60907,0.94627,-0.4332,-0.47267,-0.61509,0.33103,1.0188,-0.13068,-0.14219,-1.2183,0.52827
-0.69107,-0.7115,0.050302,-0.72764,1.8604,0.90283,1.1847,-0.5172,0.92062,1.0358,-0.45986,-0.65691,0.97631,0.88779,-0.023758,0.38341,-0.26483,0.030962,-0.17301,-0.12178,-0.61614,-1.0201,-0.32149,0.82858,0.19932,-0.037213,-0.42013,0.79113,-0.00583,-0.24326,-0.38074,0.13782,0.34286,-0.17399,-0.0048453,-1.6583,0.48116
-0.56124,-0.19476,0.2971,-1.1707,1.9329,0.62423,1.1748,-0.11321,0.53199,0.84287,-0.0020824,-0.51458,0.91509,0.52883,-0.477,0.53895,-0.1006,-0.13989,0.20163,-0.34807,-0.50724,-0.68442,-0.60376,0.51104,-0.077761,0.27467,-0.21934,0.58013,-0.066572,0.048067,-0.32107,-0.034987,0.44433,-0.47038,-0.066284,-1.7703,0.49816
-0.15339,0.064824,0.62161,1.2506,-0.39076,-0.36028,0.96099,-0.33948,-0.61373,-0.16894,0.85776,1.0941,0.16381,1.132,-0.99131,-0.8035,-0.6001,-0.45277,1.0729,0.58957,-0.47093,-0.048416,1.5022,0.051825,-0.26341,-0.96985,-0.17605,0.38783,0.69702,-0.77055,0.94421,0.016032,-0.34571,-0.33292,-0.43818,-0.38889,0.14369
0.64864,0.67583,-1.7105,0.7743,0.31828,-1.0963,-0.088988,1.6902,0.081791,-0.56201,-0.70774,-1.276,0.65333,-0.298,-0.86567,-0.80979,-1.2692,-1.0417,0.81868,0.42778,-0.53585,-0.29667,0.71752,1.9071,0.30864,0.99547,0.47031,1.4341,0.4429,-0.060514,-0.22559,-1.5724,-0.21086,0.20469,0.36049,0.93985,1.3466
-0.9944,0.10937,1.8813,0.19009,-0.8235,1.3709,-0.74885,0.058627,-1.1104,1.2355,1.0453,1.5099,-0.18063,0.79243,3.4065,-0.60358,0.87227,1.2036,-1.0128,-1.0886,-1.2677,-1.0238,-1.3861,-1.2133,-1.249,-1.2714,0.76514,-0.80532,0.34755,-1.1136,1.7105,0.69382,0.96336,0.17377,-1.7223,-1.3905,1.2219
-2.0636,-0.80914,1.9728,1.5592,-2.2479,1.8047,0.41237,0.33424,-3.9105,1.8084,1.2155,2.2513,0.73753,1.6528,3.0634,-0.53042,1.1078,1.9356,-1.0191,-1.6973,0.4812,-1.1928,-1.3165,-2.0589,-3.1297,-0.94037,1.8852,-0.90106,-0.23614,-3.3216,2.8001,0.64143,1.4837,0.18017,-0.9255,-0.62935,1.7669
0.1999,-0.60252,-0.014487,0.36807,-0.27552,-0.38323,0.080156,-0.50019,-0.17596,-0.15402,0.091926,-0.21869,0.55707,0.80532,0.47817,0.11938,-0.43318,-0.0092662,-0.27564,0.2518,0.37051,-0.079296,-0.44023,0.30032,-0.036154,-0.1873,0.56704,-0.32571,0.1599,-0.93696,0.26369,-0.73403,-0.0079787,0.65286,-0.14334,1.0457,0.051783
-0.56751,-0.74185,-1.0196,0.8616,-0.66598,-0.59257,-0.38742,0.64094,-0.21685,0.048931,-0.26931,-0.56224,1.4041,0.15795,1.1839,0.34546,-0.76605,-0.28615,0.44203,0.36501,-1.0213,0.12714,0.85093,1.3609,-0.37395,0.66943,-0.11648,-0.61251,-0.56572,-0.47438,-0.69802,-0.28982,-0.62808,0.66638,0.68574,0.30004,0.17539
1.2222,-3.9169,1.1873,0.56403,-0.52757,0.71232,-1.7781,0.92045,-0.43772,0.35703,0.77696,1.0269,0.53849,-3.7265,0.83708,1.5114,0.88236,0.12419,0.44335,0.55865,0.71246,-0.50274,-0.27104,0.017252,-1.1263,0.84698,-0.10603,-3.9073,-3.7795,0.27327,1.4617,0.25157,2.2352,0.43012,-0.37779,-2.7511,0.7886
1.0222,0.096774,-0.87133,2.1784,0.38813,-0.218,-0.46927,-0.41471,0.6374,-0.94148,-0.38829,-0.69501,0.80171,0.56074,0.079049,-0.38657,-0.84425,-0.17429,0.019114,0.20327,-0.83315,-0.97432,-0.011302,0.13929,0.10329,0.47694,0.39918,0.29626,0.8492,-0.85852,0.058434,-0.48199,0.23262,0.69053,-0.048956,0.47296,-0.043776
-0.21706,0.056137,-0.18709,1.2668,-1.6471,0.9887,-0.089,-0.23047,2.1089,-0.12099,-0.13535,-0.60604,-0.25215,0.015047,0.5361,0.44811,-0.33043,-0.5349,-0.45102,0.63886,-0.19254,-0.48695,1.5163,-0.31955,-0.3275,0.19314,-0.26117,-0.11822,1.0213,-0.35811,-0.70893,-0.084257,-0.62902,-0.28197,-1.0897,0.59259,1.9149
0.95638,-0.22597,0.22213,0.11412,-0.63352,-0.23826,0.24381,0.011087,0.39421,1.1884,-1.0805,-0.044349,-0.45355,1.1222,-0.39662,-0.28595,0.8808,-1.3509,0.34529,0.072275,0.20966,-0.26632,-0.20374,-1.0648,0.60009,0.32091,0.067586,-0.68884,-0.07383,-1.0031,-1.339,1.0899,-0.29607,0.3287,-0.21939,-1.3052,0.44566
-4.1827,-3.4911,1.4497,-4.9072,-3.4855,3.7535,-4.3788,4.6172,-3.8469,-4.2594,3.9782,0.27558,-4.0599,-2.2617,0.18004,4.7584,0.17552,4.8092,-1.7825,4.9945,4.97,4.5028,-4.6879,3.014,5.2876,-4.0562,-3.4404,-4.1132,-3.1396,4.9464,5.0574,4.8893,-3.5076,-4.3484,-4.6432,-3.9762,-4.45
0.30539,-1.0988,1.1711,-1.0228,-0.98983,0.87593,-0.25794,-0.48942,-1.8381,1.9481,0.20818,1.2564,-1.3689,-0.079007,-0.56508,-0.68603,0.14918,-0.61131,0.66164,1.2305,1.6349,1.6046,-0.023973,-1.9889,1.3909,-1.3433,-1.2671,-0.025768,-0.4897,-0.04008,0.18411,2.4255,-1.0909,-0.82201,-0.28005,-2.0159,0.40332
1.1506,-0.54084,-0.81708,0.50038,1.2093,-1.1853,0.49455,2.492,-0.28972,-2.7949,1.3127,2.2663,-1.8488,0.56994,-1.1754,-0.91956,-0.59555,-0.17863,1.1536,-1.1511,0.059319,0.16855,1.4445,-0.78448,0.83961,0.73444,2.4853,1.734,0.11603,-1.8267,-1.7617,-0.36389,-0.36503,-0.74837,-0.0085904,1.4217,2.4787
0.33329,-0.54084,0.021268,0.33828,-0.085775,-0.12649,0.014659,0.065428,-0.2859,-0.19544,-0.16102,0.43578,-0.19829,-0.27986,-0.61424,-0.085585,0.39592,-0.32128,0.89481,-0.28702,0.53775,0.29792,0.64146,-0.20559,-0.16473,0.5026,0.63261,0.41997,-0.19639,-0.27221,0.29236,-0.40592,-0.031468,0.0054008,-0.18579,0.40783,0.091925
0.18369,0.43541,-0.6055,0.61289,0.064685,-0.84084,1.1855,-0.67222,0.36637,0.21611,0.98442,-0.047542,0.71331,-0.50383,0.16991,-0.23112,-0.75184,0.087286,0.17694,-1.2881,-0.59343,0.27769,-0.16786,0.18934,-0.027569,-0.23724,0.49714,0.44924,1.3286,-0.37439,-0.17429,-0.55401,1.0062,0.02226,-0.8764,0.41354,-1.1626
0.073044,-0.044922,-0.097959,0.16595,0.24534,-0.62127,0.57247,-0.041991,0.14182,-0.214,0.43214,-0.36541,0.27601,0.91857,0.51012,-0.07837,0.010789,-0.18437,0.58398,-0.19601,-0.083692,-0.44691,-0.15279,0.22274,0.1887,0.11234,0.11382,0.22935,0.12833,-0.74756,0.29795,-0.55617,-0.18473,0.27443,-0.07952,-0.34455,0.12964
-0.070338,-0.61174,-0.22546,0.31451,-0.43655,1.265,0.19817,-0.24912,0.4409,1.0975,0.20074,0.54602,-0.13513,-0.047603,0.44858,-0.24561,0.22183,-1.0984,0.77266,-1.1162,-0.37361,-0.46044,0.98816,-1.1129,0.39964,0.46318,0.44764,0.98501,0.34208,-1.325,0.49586,0.41387,-1.4549,0.39032,0.45341,-0.41244,0.29008
0.45948,-0.66518,0.22019,-2.1367,-0.84773,2.7588,-1.3664,1.6512,-1.8777,-1.2802,1.0462,0.47195,-1.4524,-0.49055,1.3777,-2.1129,-0.11331,3.9479,-1.4657,0.30725,-1.448,1.323,-2.1078,1.8166,2.5369,-2.3899,-1.1617,-2.1416,-0.45487,2.1637,-0.17022,1.871,-0.42133,0.6179,-0.90746,-1.9319,-2.2927
0.18234,-0.38902,-0.27343,-0.76972,-0.088018,0.48202,0.20644,0.46475,-1.99,0.11321,1.0914,0.17195,-0.15793,0.0037697,0.6875,-1.1202,-0.26906,1.6009,-0.59601,-0.54251,-0.85932,0.65224,-0.97993,1.3263,1.6011,-0.6272,-0.8843,-0.7007,0.64821,0.056885,0.32714,0.66678,-0.01289,0.0036844,-0.29825,-0.51103,-0.67632
0.034525,-0.38366,0.10831,-0.28729,-0.12537,-0.67158,-0.26351,1.7325,-1.2392,-0.32357,0.10875,-0.74704,-0.52834,0.070478,0.53428,-0.58504,0.5593,-1.0296,-0.97311,0.53264,0.26307,0.4756,-0.55312,3.842,-0.68141,-0.43776,0.59018,-0.76939,0.42834,-0.45388,-0.34016,-0.4573,-0.17469,-0.37182,-0.60144,-0.38088,-0.34426
-0.14353,0.63091,0.031592,0.021654,-0.018369,0.10436,0.46797,-0.43004,-0.34875,-0.34128,-0.17048,0.0044073,0.30711,0.19507,0.016528,-0.25483,0.56078,0.24248,-0.37427,0.658,0.56887,-0.0059293,-0.29396,0.031902,-0.37156,0.26237,0.43891,0.077309,0.58826,-0.52413,-0.17855,-0.035062,-0.031747,-0.069915,-0.66335,0.2542,0.29042
-0.19877,-0.41493,0.85429,-0.15948,-0.48661,-0.30017,-0.34051,0.5663,-0.5076,0.39358,0.28732,0.13237,-0.85236,-0.59951,0.29959,-0.16171,0.18922,-0.37274,-0.1128,-0.19293,0.32962,-0.45986,-0.087275,-0.49284,0.054748,0.59415,0.77084,-1.0473,0.362,1.577,1.1368,0.012547,0.073624,-0.71415,0.21602,-0.19865,-0.20709
-0.7211,0.79822,-0.2986,-0.99449,-1.0086,-0.11612,-0.8312,-0.29163,-1.3635,1.0043,0.96507,-0.38849,-1.2096,0.34097,0.57187,-0.97561,-0.1789,-0.13033,-0.55149,1.5281,-0.0073738,1.5779,-0.39544,-0.012274,1.1892,-1.2471,-0.8599,-0.80992,0.84347,-0.41058,1.4434,1.388,-0.91035,-0.30583,-1.0176,-1.203,-0.076439
-0.5823,-2.0935,0.70379,-2.1153,1.2514,6.8257,2.4684,-0.61433,-1.7115,-0.99905,1.4419,3.1134,-1.2425,2.3351,0.39055,3.2569,-1.1282,4.5646,-1.2325,-1.8805,-2.085,0.70311,-1.0007,4.9283,-1.0788,-0.80317,0.48846,-1.6995,-0.70659,0.82864,0.36526,4.0231,-0.60486,-1.4533,-1.6914,-1.4391,-1.4692
-0.080455,-0.79718,-0.10157,-0.15551,-0.10497,-0.82569,-0.25325,0.014045,0.24904,0.21968,-0.034831,-0.14608,0.20773,-0.4988,-0.33892,0.68,0.30841,1.4065,0.052445,-0.53401,-0.45997,-0.0092181,-0.24577,2.4646,-1.1272,0.014876,0.0046364,-0.20251,0.049122,-0.078334,0.66808,-0.24374,-0.15636,-0.088063,-0.67991,-0.021198,-0.29247
1.9237,-2.0627,0.99043,1.2274,1.2531,-3.0764,0.30152,0.68395,1.8464,1.1798,2.1539,1.708,2.1697,-0.5169,-0.63803,-2.8724,1.531,-2.232,1.3123,-0.83755,0.74556,0.31144,0.85474,-1.442,-1.519,1.8242,2.6778,-1.918,-1.7939,-2.0426,2.1613,-3.2402,2.7677,1.2916,0.80439,-1.7867,0.68332
-0.38106,-0.45074,2.1909,1.5226,-1.2829,-0.11466,-0.85646,0.049423,-1.5397,-0.75862,0.010103,0.83882,0.21684,-0.29984,-0.94444,-0.20707,0.70934,-0.18506,-0.2957,0.11468,0.46418,0.35937,-0.93999,-0.67918,0.28357,0.065117,-0.40867,-0.49079,0.12057,-1.1109,0.64863,-0.27442,0.84799,-1.0181,-0.23664,3.1807,-1.2553
1.5658,0.46988,0.65999,-1.3156,-0.27935,-0.55626,-0.23831,-0.11612,1.3645,0.51804,0.47987,-0.24595,-0.5603,0.6099,0.32292,-0.33956,-0.5968,-0.47414,-0.25171,1.0305,0.5765,1.0316,-1.0357,-0.3127,0.057213,-0.24038,-0.02461,-0.66144,0.83569,0.078704,0.57988,0.19728,-0.093874,-0.062342,-0.48475,0.22664,0.20321
-0.38099,2.9107,0.18224,0.60359,-0.7205,-1.4099,0.014399,-0.8807,-2.76e-05,-0.042913,0.54762,0.49614,0.50116,0.90959,-1.0261,-1.4512,-0.61976,-0.67117,-0.6837,-0.27109,-0.22098,-0.16132,-1.5175,-0.85547,-0.10498,0.72799,-0.38327,0.31352,1.739,-1.361,0.094594,-1.7952,2.3561,-0.62392,0.97951,3.2256,-0.98436
2.7177,-1.3563,-1.0517,2.8115,4.5466,-1.3514,3.7978,-1.7624,5.0031,-1.4201,-0.6515,-1.074,-0.96333,-0.48508,-1.429,-1.706,-0.8816,-1.4527,4.0014,-1.3082,-0.95807,-1.0296,5.2565,-1.3983,-2.0625,3.5929,2.6919,-1.9785,-0.71904,-1.4288,-1.2633,-2.0708,-1.2564,4.5008,3.0122,2.1107,4.6047
0.38911,-0.39669,-0.064673,-0.030207,0.51185,-0.77513,0.25008,0.65118,-0.67127,0.075861,0.30795,1.024,-0.29252,0.53597,0.53814,0.82756,0.66073,-0.25742,-0.38938,-0.30292,0.024512,-0.61699,-0.44387,-0.19274,0.0081828,0.16047,0.34772,0.016334,0.25604,-0.19622,0.0076351,-0.29375,0.090773,-0.46837,-0.13894,0.45224,0.33781
0.19746,-0.60281,0.26024,0.46076,0.19912,-0.38612,0.4783,-0.24873,0.89519,0.074321,-0.0071252,-0.056239,0.12018,1.1127,0.60846,-0.058882,0.10774,-0.10411,0.23944,-0.31888,-0.41991,-0.27636,0.1128,-0.20417,-0.27719,0.10818,0.1292,0.39773,0.15461,-1.198,0.11666,-0.36458,0.35149,-0.25113,-0.17369,0.31101,0.10446
-0.7308,-0.64756,1.3984,0.47639,-0.038813,-0.30719,1.4466,0.61177,0.58223,0.30997,1.6946,0.24099,0.50345,0.75789,0.72037,-1.3369,0.13924,-0.12654,-0.1038,-1.0321,-1.4098,-0.070524,-0.71692,0.46999,-1.1652,0.32412,-0.099507,-1.2523,-0.65299,-0.8822,0.68521,-0.51536,0.20355,-0.20898,-0.76781,-0.68194,-0.67305
1.615,-0.52933,1.094,-0.30483,1.7244,0.38843,-1.4921,-0.14929,0.25533,1.1879,-0.82805,-0.19405,-0.94182,-0.8882,0.59425,0.4827,-0.096217,-3.2948,0.59005,0.93332,0.66156,0.26602,1.1887,-1.4487,0.096671,0.8529,-0.50135,-1.1059,2.8245,-2.6063,-0.64944,-0.69937,-0.60145,0.29597,1.2738,-1.4118,0.18342
0.64574,-0.47906,0.3524,0.25347,-0.84248,-0.38544,0.038446,-0.51105,0.079264,0.29659,-0.28191,0.11725,-0.64472,0.36358,0.36081,0.22885,0.24088,-0.7016,0.34541,0.2331,0.40003,-0.18056,0.093255,-1.0679,0.24181,0.037234,-0.50932,0.21559,0.24727,0.49482,0.0026878,0.16455,0.41757,0.30613,-0.55748,0.54826,-0.059079
0.18802,0.058678,-0.10194,-0.32488,0.5997,-0.37649,0.056995,-0.089402,0.020502,-0.023,0.3212,0.086096,0.05566,0.5472,0.56748,-0.2154,0.174,0.15031,0.4392,-0.067078,0.24268,0.02158,-0.14039,0.51008,-0.046882,0.098862,0.18019,-0.05247,0.38093,-0.40953,0.23854,-0.3222,0.15111,-0.17515,-0.14811,-0.065206,0.012055
2.4265,1.1883,2.4631,-1.307,-0.15905,-0.67873,-2.2096,-1.0289,-2.0139,-1.5058,0.73784,0.79096,-1.0038,-0.96537,0.22892,0.69616,-0.92146,0.26671,-0.9112,1.3166,1.4091,1.3396,-2.1845,0.69662,3.9068,-2.1644,-1.3959,-0.53424,-0.581,-0.24974,-0.52672,-0.64289,-0.26535,-1.0816,0.39973,2.5972,-3.0329
-0.70495,-1.1696,1.7391,-0.81845,-0.74147,-0.89016,0.24093,0.67839,-0.86632,-1.1032,0.86359,0.91213,-0.40149,-0.68404,-1.0303,-0.58688,1.4106,-1.2311,0.20831,0.80925,1.1126,0.4052,-0.17931,-0.89595,0.31864,0.48816,-0.046962,0.32105,-0.89102,0.5716,-0.29213,0.27608,-0.0041854,-0.86546,-0.16559,-0.44958,0.61023
0.21871,0.3716,0.50193,-0.76127,0.021619,-0.90864,0.053997,0.035495,0.26283,-0.2658,0.36167,0.45305,0.318,0.69996,-0.51577,-0.015348,0.53742,-0.70257,0.19266,-0.53257,-0.90643,-0.052069,-0.30282,0.91126,-0.44538,-0.33506,0.1794,-0.36484,0.12926,-0.0033405,0.2523,-0.32397,0.38705,-0.040135,-0.26087,0.046512,0.094704
0.47746,-0.072732,0.58508,-0.53277,-0.57934,-0.28646,0.22016,0.18343,0.013644,0.30828,0.75509,0.51198,0.59937,1.0372,0.12406,-0.40755,0.23814,0.14992,0.10287,0.088654,-0.73593,-0.69571,-0.48493,0.44225,-0.19843,-0.32692,0.22893,-0.27175,0.21908,-0.052316,0.18455,0.014351,-0.16686,0.20287,-0.55676,-0.4404,0.37267
0.1069,0.15803,-0.06549,-0.28891,-0.25196,-0.76815,0.25677,-0.29206,0.40267,0.050767,0.033056,-0.2149,0.060026,1.335,0.15386,-0.23617,0.34443,-0.025769,0.40878,0.43268,0.11054,0.19505,-0.38589,-0.069372,-0.085879,-0.10254,0.34618,0.19591,0.36872,-0.46948,0.0034352,-0.28453,0.3312,0.33904,-0.43262,0.31416,-0.15261
0.12554,-0.73304,0.084533,-0.076666,0.03155,-0.62113,-0.79475,-0.29309,0.060161,0.11371,-0.1524,0.58988,-0.96359,-0.58138,0.45519,0.42387,-0.083267,-0.60379,0.26239,0.25352,0.43327,0.46013,0.53885,-1.0422,0.83611,-0.14943,0.027702,0.087925,-0.73157,-0.61999,0.31566,0.21785,-0.15422,0.046203,-0.33461,-0.79747,0.90819
0.1167,0.32844,0.15947,-0.31643,-0.089494,-0.14822,0.36261,-0.097312,0.13621,0.0971,-0.064245,-0.10943,0.29714,0.15754,-0.31122,-0.23694,-0.084482,-0.099588,-0.13349,1.6686,2.0977,1.4102,-0.34236,-0.38824,0.21236,-0.010334,0.42983,-0.14923,0.38408,-0.5222,0.3176,-0.63918,-0.31134,-0.46263,-0.010248,-0.33743,-0.10176
0.26089,-0.58856,0.26217,-0.82621,1.0829,-1.5789,-0.11646,-0.48889,1.221,-0.086686,0.086934,0.40309,-0.21758,0.77812,0.28491,-0.54666,0.52659,-0.94734,0.26401,-0.33474,0.062949,-0.16321,-0.22448,-0.29284,0.54151,0.45722,0.74878,0.1723,-0.21161,-0.043898,0.58407,-0.3649,0.0037176,-0.66224,0.4688,0.76055,-0.70952
0.30976,-0.52284,0.22711,-1.0985,-0.24097,0.26971,-0.24579,0.49374,-0.52842,0.47591,1.2086,0.44305,0.15783,0.63189,1.065,-0.1254,-0.076612,0.74368,-0.46297,-0.16183,0.078426,-0.18055,-0.69661,0.24383,0.52594,-0.23714,0.22516,-0.041074,0.078927,-0.42335,0.29158,0.13297,-0.53413,-0.33348,-0.34071,0.15423,-0.53134
-1.9911,-0.44735,1.4656,-0.087941,-1.0211,2.3435,0.9075,6.0239,-3.2245,-2.0604,-1.8604,0.83866,-3.1242,1.4865,-2.172,4.3235,4.4507,-0.82968,-0.76812,-1.5674,-1.6506,-0.40956,-1.1596,-3.3259,4.0702,-1.7258,-0.11271,-1.5076,1.1474,0.77297,4.248,-0.89169,2.5934,1.746,-1.4407,-1.657,-1.8427
-0.32145,-0.48443,0.93553,-1.0782,-0.18628,0.89791,0.58866,3.9733,-0.47269,-0.25852,-0.279,-1.2626,-0.24478,0.34904,-0.36773,2.6848,2.5922,-0.61475,-0.8031,0.38039,0.027696,0.16215,-0.56905,-0.017012,2.4794,-0.76576,-0.98611,-0.56266,-0.17889,-1.2167,0.95369,-0.98913,-0.66375,1.2962,-1.2486,-0.073264,-0.17373
0.74821,-0.63349,-1.4783,2.4492,0.6134,-1.8598,-0.0045573,-1.2348,0.48212,-0.77398,-1.3407,-0.8502,0.070815,-0.60772,-0.33984,0.093968,-1.1914,-1.6448,4.6102,-0.26004,-0.6548,0.051551,5.2089,1.0291,-1.0083,1.843,-0.80176,0.7752,-1.1819,0.46245,-0.67024,-0.47118,-0.96477,-0.34878,0.26986,0.43151,1.344
0.15586,0.6143,-0.13534,0.37726,0.23607,-0.96846,0.27314,-0.37288,0.48441,0.26578,0.84303,0.55521,1.162,0.79235,0.19044,-0.37722,-0.55247,0.29914,1.8996,-0.93579,-0.55228,-0.54997,1.5577,1.3382,0.69254,0.83642,0.8397,0.68926,0.64854,-0.92443,-0.32472,-0.9728,-1.8078,-0.732,0.35933,0.51605,-0.058959
0.84735,0.38969,-0.04861,-0.2612,0.44517,0.024553,-0.34538,0.33931,-0.37508,0.035304,0.21297,-0.28014,-0.16843,-0.32277,0.040196,-0.65042,-0.18787,-0.27712,0.031905,0.45589,-0.24558,0.63329,-0.38828,-0.52054,0.56133,-0.61015,-0.83272,-0.022185,0.58509,-0.026965,0.15137,0.67765,-0.17839,-0.352,-0.17008,-0.81881,-0.090363
-1.2434,-0.49386,-0.71239,0.8964,-0.70397,-0.77872,-0.3824,-0.62111,-0.027057,1.635,3.3152,0.8409,-0.21117,2.5058,-0.20494,-0.16856,0.17521,-0.69054,-1.1758,-0.45041,-0.78377,-0.74224,-0.24719,-0.42977,1.1629,-1.6175,0.89447,1.3722,0.023339,-1.27,1.9455,-0.25803,-1.1262,0.16367,-1.1711,-1.0989,-0.24916
0.23146,0.4644,0.25843,0.47777,1.2109,-0.94034,0.52551,-1.1347,0.3215,0.036709,-0.52419,-0.24504,0.27872,0.44135,-0.87644,-0.053591,0.5531,-0.95745,0.78723,-0.7339,-0.41855,-0.45046,0.26341,-0.73654,-0.19654,0.66615,0.032915,0.2435,0.4624,-0.78558,0.70417,-0.62606,0.96443,0.14661,0.53977,0.48877,0.26442
0.25441,0.17127,0.15634,0.073421,0.65396,-1.0859,1.0281,-1.1643,1.019,0.19777,-0.092378,0.032794,0.63123,0.77006,-0.51257,-0.38355,0.41643,-1.1428,0.68307,-0.63485,-0.50367,-0.90704,0.10197,-0.17011,-0.16276,0.17615,0.30385,0.26593,0.48396,-0.63549,0.82421,-0.88857,0.46159,0.18527,0.43177,0.40653,0.4531
-1.6556,0.76812,0.049129,-0.53988,-3.0732,1.5909,-2.7128,0.51162,-2.7594,-1.6237,-0.067147,1.3641,-3.5997,0.19241,0.53629,3.5951,-2.7308,1.55,0.40455,-0.96978,-0.22271,-0.17613,-0.86888,3.5335,2.4069,-0.75673,1.0712,-3.2352,0.72716,3.5071,-1.7407,2.6872,-0.21463,-2.2669,-0.83132,-0.57598,-0.89609
-2.084,0.13984,0.1612,-0.25322,-1.5115,1.5792,-2.4168,0.23178,-2.9141,-1.4211,-0.090284,0.74055,-3.5092,-0.48487,1.0366,3.4392,-2.7628,1.6868,0.38548,-0.56751,-0.088538,0.026092,-0.32608,3.7481,2.2742,-1.0465,0.78668,-3.0685,0.51133,3.0369,-1.9648,2.4201,-0.90203,-0.87381,-0.94888,-0.60517,-0.22822
-0.22867,0.0076748,-0.15121,3.7524,3.3396,-0.2613,3.1248,-0.88314,3.8159,-0.44401,-0.71384,-0.038126,-0.77413,-0.56915,-0.62603,-2.0153,-0.42892,-0.71136,-0.47,-0.99234,-0.57144,-0.40825,-0.19764,-0.04967,-1.2373,3.3797,0.087319,-0.58601,0.028169,-1.4366,-0.42579,-0.84231,-0.84234,7.2917,6.8873,-0.59344,-0.3111
0.89874,0.73243,-0.54517,2.0738,1.0273,-4.2912,0.12467,1.4664,1.8253,-0.35856,-4.1861,0.6811,1.7858,0.23086,-3.6635,-4.0871,-3.9145,0.66302,1.2485,0.36685,0.90533,1.0639,1.8183,0.87862,0.84728,1.7846,-1.5694,1.3981,0.26229,0.41701,-4.161,0.51065,1.8647,1.2299,1.3863,1.991,1.6698
0.94316,0.37509,-0.2624,0.18983,0.70503,-1.5994,0.89197,0.61439,-0.16597,-1.0663,0.66004,-0.067419,0.84948,0.30224,0.10466,-0.90524,1.3531,-1.3579,0.74983,-1.0607,-0.26484,0.01426,0.66103,-0.85637,-1.036,-0.28587,0.40683,-0.056931,-0.054334,-1.316,-0.047478,-0.95489,1.7185,0.22173,0.52493,0.43862,0.41736
0.44747,0.21733,0.62457,-0.15309,-0.42456,-1.8589,1.0264,-0.045545,0.83281,-0.055583,-0.39081,0.24795,0.41988,1.5746,-0.85587,-0.12349,0.072715,-0.22589,0.31217,1.2408,0.061076,0.31407,-0.3847,-0.15928,2.1449,-0.036443,0.2449,1.3497,0.56906,0.5551,-0.27947,-0.1151,-0.43607,-0.048205,0.2358,-0.72194,0.25379
1.2312,1.3631,1.7362,0.11206,-0.51934,-4.1063,0.86607,1.2932,-0.2003,-0.29118,-3.9554,0.61227,0.40207,0.6306,-2.7821,0.52399,-0.24418,0.62953,0.63266,2.8031,0.88206,2.0589,-0.19927,-1.7957,2.7053,-0.13377,-0.17829,1.7974,0.59403,1.5323,-0.87347,1.5136,-0.66858,-0.10579,1.1075,-1.7404,0.77837
0.1429,-0.038651,-0.079538,-0.378,-0.62154,-0.56663,0.1527,-0.88808,0.30889,0.19894,0.28849,0.55644,0.084003,0.064364,0.32473,-0.10323,-0.42857,-0.38074,0.092606,0.51364,-0.32544,0.44292,0.32773,-0.28081,0.81862,-0.54339,-0.18314,0.34164,0.44755,-0.55027,0.099735,-0.43647,-0.12764,-0.021712,0.028419,-0.7877,0.72401
-1.0069,0.48466,1.1798,0.16125,-0.048352,0.56222,0.10223,0.1521,0.25837,-1.173,1.5388,1.2201,0.50226,0.12492,1.5978,-0.96783,-1.4653,0.97166,0.44396,0.49701,-1.4555,1.1409,0.93033,-0.013833,1.8229,0.55485,0.34791,0.61184,0.026771,-1.4281,-1.7225,0.82153,-0.78152,0.50698,0.70625,-1.8333,1.1915
-0.95811,0.70865,1.1973,0.61255,-0.096673,0.69921,0.47121,0.13134,0.61246,-0.97385,1.5513,1.775,0.39016,0.53925,1.3587,-0.61008,-2.1217,1.0962,0.94825,0.67705,-2.1186,1.1832,1.4478,0.36495,2.0415,0.97243,0.94809,1.0046,0.23891,-1.4787,-1.8985,0.69608,-1.0024,0.39125,0.657,-1.7417,0.97695
1.3311,-1.1179,1.2834,-2.3234,0.54964,-0.3571,-0.32715,0.77013,2.8523,1.396,-1.391,0.91023,-1.514,-0.21884,-0.49308,0.59392,0.18666,-1.8095,-0.95672,0.72827,-0.44454,0.27819,-1.9581,-2.3875,0.095808,1.2666,2.2149,-2.902,0.61205,-0.74335,0.66664,-0.52105,0.051632,0.067574,1.7325,-0.58158,0.31433
0.065273,-0.31661,0.21502,-1.9083,-0.59829,-1.1736,-0.75606,-0.95427,1.8727,0.12603,0.2629,-0.81249,-1.3502,-0.090521,-0.63488,1.2251,0.31166,-1.3645,-0.11385,0.38603,0.50622,0.66571,-1.2049,-1.6541,-0.87303,0.12404,-0.73776,-1.4851,-0.3355,1.25,0.05327,-0.69736,0.3033,-0.89917,2.0543,-0.759,0.56154
0.47032,-1.4478,0.71466,-0.99166,-0.44373,-1.0958,-1.2802,0.519,2.4873,0.59118,0.48068,0.0027148,-0.43102,0.13857,-0.21186,0.85834,0.12996,-1.3483,-0.35205,0.55013,-0.69665,0.022755,-1.3847,-0.42517,-0.037565,1.3485,0.76186,-3.9419,0.29213,1.0073,0.34781,-0.36635,-0.2337,-0.60385,1.4185,-1.2344,-0.3662
-0.15025,0.97265,-0.85869,-0.97251,-0.46178,-0.13051,-0.37999,1.8152,-0.14267,-1.1376,0.057767,-0.24204,-0.25192,0.15309,1.5395,-0.072434,0.030503,-0.7853,-0.73536,0.24745,0.73996,1.8341,-1.0796,0.47998,-0.11906,-1.3904,-0.43055,-1.3613,0.17164,2.1386,0.1778,0.16297,-0.33598,-0.41491,-0.90896,-0.81327,-0.35575
0.56133,0.9684,0.7939,-0.83735,-0.40025,0.14449,-0.48631,0.69784,-0.32916,0.42979,-0.47539,0.22461,-0.61814,-0.27406,0.80466,0.176,1.4461,-0.89489,-0.67927,-0.08526,0.807,0.43257,-1.108,-0.50777,-0.84523,-0.65567,0.72251,-0.82527,0.32736,-0.69009,1.0066,0.10375,0.041822,-0.51606,-0.24298,-0.42093,-0.243
0.96398,1.2548,-0.48062,-0.84378,0.019219,-0.84001,0.30911,-0.50647,0.11771,-0.13263,0.82121,0.87843,0.5448,1.1215,0.29842,0.1394,0.55508,-0.55821,-0.15575,0.033539,0.40202,0.34528,-0.98332,-0.48361,0.38337,-0.64902,0.96983,-0.59005,0.6932,-0.82685,-0.22687,-0.86052,-0.062821,0.39082,-0.17483,-0.28352,-0.011211
0.27469,1.7884,-0.85177,-0.55359,-0.80678,-2.0724,-1.0051,-0.062169,0.45879,0.49343,-0.21238,-0.50974,-0.28362,1.2102,-0.46429,-1.6004,-1.5243,-1.2426,-0.69636,0.15416,0.57454,0.66742,-0.076636,-0.25225,-0.43691,0.6267,-0.034682,0.73927,1.5538,-0.44386,0.6441,-0.84037,2.0374,-1.3186,0.90891,1.1047,-1.0446
0.14805,0.029874,0.051629,0.56901,0.71016,-0.5767,0.63338,-0.31184,0.67617,0.2671,0.1515,-0.005365,0.24807,0.32892,-0.1282,0.25836,0.22071,-0.50178,0.2211,-0.45288,-0.26462,-0.33921,-0.32219,0.2425,-0.27274,0.12869,0.32855,0.11763,0.10004,-0.37914,-0.61272,-0.67085,-0.20789,0.052573,-0.0051296,-0.095063,0.28807
0.031689,0.47701,-0.15347,-0.57848,0.35343,-0.7379,0.18707,0.18369,0.64892,0.17688,0.34112,0.026793,-0.045418,0.39266,0.28296,-0.14625,0.050065,0.26054,0.29386,0.55489,0.35512,0.18177,-1.0275,0.15288,0.0083181,-0.32855,0.32617,-0.19097,0.42993,0.049058,0.2593,-1.269,-0.125,-0.57817,0.2687,-0.23889,0.34413
0.53688,0.17532,0.60517,-0.71629,0.50186,-0.59413,-0.33285,0.81939,-0.555,0.034512,-0.50079,-0.24465,-0.71744,-0.14037,-0.072216,0.23878,0.26287,-0.50017,-0.0088401,0.85004,1.3568,0.18046,-0.23196,-0.8119,0.070752,0.051271,0.11515,-0.07541,-0.34218,-0.96566,0.24924,0.26735,-0.31303,-0.098513,-0.1901,0.15119,0.039655
0.34833,0.47102,0.56694,0.084083,-0.36586,-0.068673,0.36221,0.11318,0.95291,-1.0585,-0.81056,0.35244,0.45436,-0.30425,-0.29552,0.047485,-0.066557,0.27589,0.25574,0.60581,1.3656,0.88902,-0.40522,-0.89233,-1.4164,0.052956,-0.20144,0.14819,0.66854,0.039887,-0.3457,0.035659,0.53444,0.15995,0.086578,0.13241,-0.38613
0.10296,0.30351,-0.11768,-0.10232,0.34702,-0.78784,0.76365,-0.40685,0.82639,-0.66082,0.18827,0.090253,0.59216,-0.2622,-0.26025,-0.25002,0.55218,-0.81538,0.44304,0.2222,0.27045,0.099162,0.18396,-0.44262,-0.60919,0.95949,0.32622,0.43268,0.17042,0.037892,0.8144,-0.3412,0.57601,0.32304,0.17649,1.0066,0.4334
-1.0785,1.7916,0.29499,0.87536,2.1359,-1.3073,0.12125,-0.1635,-1.3523,-0.80067,1.0799,-1.9604,1.4318,3.2469,0.036518,0.125,-0.59673,-3.1389,-0.80565,-2.2434,-0.73253,-1.7752,0.015861,0.53062,-0.89126,2.4915,-0.095557,1.5279,1.4393,-1.4478,-0.29115,-0.5212,1.5953,-1.056,-0.31224,2.2298,-0.087548
-1.1744,-1.519,-1.5751,-1.4913,-1.6336,4.6659,-1.3277,-1.1617,2.0067,-2.2243,-0.68251,-1.1351,-1.8326,-0.50815,-1.6834,3.6899,-1.1081,3.4851,-1.6414,-1.1557,-0.54541,3.0722,-1.6909,1.6355,2.6552,-0.84242,-1.8152,1.505,-0.98131,7.6197,-1.017,3.5226,-2.1084,-2.0299,-1.8969,-2.0563,-0.82332
-0.14454,0.67571,-0.24567,0.20402,1.4223,-0.51928,0.15321,-0.86773,0.94307,-0.037133,-0.024725,-0.15466,0.032448,0.29084,-0.45186,-0.8973,0.66797,-0.35687,0.19113,-0.12186,-0.17952,0.068523,0.27836,-0.85025,-0.28303,0.92489,0.53627,-0.15905,0.37717,-0.45143,-0.58356,-0.69482,0.48511,0.91124,0.20632,0.3037,0.54492
0.62954,-1.193,1.0739,-2.6091,-1.1874,2.9485,-2.0807,-1.5991,0.65003,-1.9614,-1.6417,-1.2821,-1.7618,-1.4117,3.9294,1.104,-1.6577,5.3393,-1.4792,3.9457,4.4998,3.1612,-2.3898,3.5563,-1.8992,-1.3758,-1.1424,-1.6812,-1.0975,0.3793,1.7689,2.4814,-1.9683,-1.8395,1.4348,-0.76366,-2.1519
0.83755,-0.51194,-0.54784,0.55449,0.93777,-1.0657,-0.74697,1.3892,1.3159,-1.2803,0.77521,1.0373,0.53929,-0.65315,0.20502,-0.86165,0.91227,-0.60832,-0.86225,-1.5129,0.6807,-0.18417,-0.046756,-1.1829,-1.2181,2.1192,1.7607,-1.1341,-0.15405,1.0894,-0.93554,-1.2294,1.0926,1.0446,-1.1632,-0.39261,-0.047105
-0.30773,-0.33957,-0.31363,0.39346,-0.52089,0.041467,0.622,-0.076259,0.36556,-0.55133,0.34226,-0.66392,0.12295,0.71225,0.10898,-0.25,0.52831,-0.4334,-0.52127,0.55193,0.69106,0.084132,-0.27109,0.63778,0.31754,-0.36682,-0.31325,0.86164,0.15315,-0.14655,0.3899,0.11588,-0.43374,-0.11322,-0.83798,-0.55412,0.75113
0.4931,0.3994,0.48923,1.1004,1.2062,0.80357,-1.1099,-0.4444,-0.58297,0.33167,-1.9147,-0.87505,-0.90418,-2.3887,0.62143,0.47459,0.46281,0.23194,0.74605,0.46428,0.45711,0.91286,0.8459,-2.9188,-2.8841,0.32116,-0.27822,0.42407,1.2011,-0.69457,-0.66654,1.0186,0.81968,1.1762,0.73334,1.048,0.9483
0.21036,0.1306,0.81461,0.022942,-0.039179,-0.26746,0.17679,0.14401,-0.32715,0.21686,-0.007213,0.12949,-0.58254,0.27078,-0.80191,0.34555,0.3049,-1.0043,0.77972,0.12132,0.26726,0.10732,0.78201,0.37875,-0.022522,-0.66442,0.068148,-0.075089,0.22129,-0.70055,-0.43683,0.13097,-0.31794,-0.32146,-0.10434,-0.28941,0.60153
0.27521,0.025197,0.26821,-0.18491,-1.1804,0.12517,-0.16721,-0.62242,-0.24438,0.81619,0.58189,0.91467,0.23038,-0.37957,-0.15276,0.81638,0.24476,-0.82162,0.39589,-0.55538,0.25259,0.31328,0.20561,0.1996,0.81787,0.23383,-0.25214,0.31093,-1.0741,-0.18435,0.53388,0.21885,-0.87717,-0.81565,-0.11038,-0.89409,0.08676
0.12644,0.71198,-0.42032,-0.71773,-0.71578,-0.12276,0.037336,0.07727,0.1366,3.6689,0.057665,-0.74622,-0.95428,0.75824,1.2586,-0.019559,-0.39436,-0.48187,0.0024563,-0.47063,-0.70064,-0.31341,-0.56704,2.2813,-1.446,-0.95083,-0.2206,-0.11568,0.90316,-0.13675,1.3528,-1.4031,-1.004,-1.2384,-0.41889,-1.0043,0.053705
1.1581,1.5744,0.8448,-0.44539,-0.60683,-0.98679,-1.2519,-0.55928,-1.8954,-0.98188,-0.31834,1.0377,0.67267,-0.95465,1.1759,-1.8443,0.57826,-1.1062,0.3116,-0.019905,0.51856,0.81518,-0.25437,0.286,-0.016893,-1.0434,1.0471,-0.37603,1.0885,-0.95514,-0.31896,-0.87488,0.77403,-0.78365,0.10524,0.97439,-0.94207
0.69692,0.73894,-1.6883,2.418,0.28524,-0.41038,3.4024,-1.8203,0.38505,-1.6656,-1.0527,0.80049,4.4416,0.5029,-0.88996,-1.4195,-0.71414,-0.72743,1.1795,-0.42233,-0.62255,-0.66376,2.1257,-0.9986,-1.7919,2.4854,2.3624,4.4565,-0.57101,0.51471,-1.6499,-1.3453,-0.090932,1.3043,0.37488,2.2797,-0.48504
0.81685,-0.59208,0.16728,0.1179,1.0607,-1.1763,2.2316,-0.62833,1.9284,-1.3848,0.41617,-0.10233,1.0446,0.14458,-0.48249,-0.15597,0.87242,-0.82528,1.968,-0.70743,-0.36831,-0.87526,2.5886,0.28815,0.54043,0.23952,0.6276,1.1584,-0.52309,-0.6563,0.41222,-0.9882,-1.1813,1.6579,0.50512,0.26222,0.96458
0.62375,-0.24039,0.074878,0.55454,-0.27992,-0.47973,0.65187,2.2868,-1.0054,-1.1889,0.57625,-0.48825,1.512,0.39166,-0.57509,1.067,3.4458,-1.0352,1.1969,-2.3379,-0.30164,-0.64461,1.0893,1.0623,-1.2095,1.1118,-0.064831,0.95251,-0.028699,-1.0397,-0.35408,-0.39048,0.59867,-0.31114,-0.18341,1.4836,-0.15499
0.7585,0.61769,0.38276,-0.19904,-0.47444,-0.79634,0.27377,-0.53438,0.036877,0.39603,0.17469,-0.12713,0.28248,-0.52121,-0.53826,-0.11148,0.37092,0.11941,0.38277,0.45503,0.86649,0.36478,0.011383,0.16439,-0.073799,0.2887,0.39132,0.31442,0.39095,0.30502,-0.16271,-0.15676,-0.14261,-0.36472,-0.086759,-0.39816,0.2797
-0.49819,-0.55174,0.41294,-0.90251,2.0477,1.2611,1.5713,-0.25818,-0.11493,1.0861,-0.59741,-0.24669,0.73184,0.91769,-0.59165,0.77789,0.026694,-0.26247,0.51494,-0.38229,-0.059881,-0.65872,-0.073903,0.92557,-0.026459,0.15162,-0.59954,0.72564,-0.12039,-0.59643,-0.59658,0.6498,-0.42155,-0.44509,-0.23785,-1.4093,-0.66557
-0.18275,0.72601,-0.065705,0.63237,-0.61876,-0.90167,1.8348,1.2623,1.7688,0.90665,0.082005,0.062103,0.097954,-0.33824,0.20176,0.32136,1.2769,-1.3213,1.1176,-0.36508,-0.63623,0.047861,0.66221,-0.3687,-2.8158,0.9003,0.91876,0.29403,0.55273,-0.80237,-0.38877,-1.7471,0.52748,-0.71324,-0.17851,-1.0712,0.6366
0.29051,1.3558,0.29401,0.59628,-0.10821,-2.1515,0.58895,0.57924,-0.38319,-0.46894,-0.3083,0.62098,0.13002,-0.12168,-2.1473,0.75334,0.15701,0.21795,0.052836,1.0206,0.92343,0.75001,-0.23073,-0.47338,-2.3039,0.083868,-0.23412,-0.51678,0.95534,-0.09352,-0.30371,-0.33958,0.20672,0.73647,0.12999,1.1263,-0.43103
1.4738,-0.49191,0.47929,1.911,3.2286,-1.6167,1.1829,-0.30677,1.6716,0.026901,-0.98757,-0.40276,-1.5041,-1.5766,0.50684,-1.4582,-1.6227,-1.693,1.2366,-1.2871,-0.72487,-0.93194,1.4173,-0.63601,-2.359,3.3597,1.8197,1.2379,-0.71162,-1.8122,-2.0764,-1.7969,0.92042,0.86813,2.5763,0.22505,2.3222
0.60767,0.38203,-0.70517,-0.082654,-0.053072,-0.57067,0.80466,1.3446,0.42531,1.807,2.6627,-2.8719,0.41586,-0.18976,1.1774,0.11079,0.88189,-1.6267,1.8443,0.28296,-0.36265,0.56903,1.9438,0.07608,-3.4891,-3.348,2.3517,0.29719,-0.26196,0.048555,0.54032,-3.5004,0.93408,0.25735,0.69369,-1.3403,0.44277
-0.40601,0.33538,-0.43213,-0.17282,0.042091,1.0074,-0.11647,0.1982,-0.38066,-0.76216,0.018953,-0.4017,0.052275,-2.1058,1.8465,1.9852,-0.053778,1.4883,-0.27108,1.2005,1.0401,0.81979,-1.1257,-0.11349,-0.35213,0.20916,-0.073386,-0.55838,0.59533,-0.10468,-1.3413,0.75232,-0.2731,-0.80286,-0.22052,-0.22157,0.82439
-0.060487,0.72598,0.27212,-0.035569,-0.59134,0.62823,-1.2816,0.90274,-0.27046,0.2393,0.30383,1.3847,-0.36148,-0.25092,0.63928,1.1572,0.72033,0.91272,-0.22483,-0.16596,-0.2267,0.13111,-0.75097,0.41861,-0.47461,-0.45503,-0.57873,-0.10915,0.4059,0.81758,-0.61231,0.20395,-0.18246,0.45787,-0.10088,-0.56303,-0.93624
-0.10145,0.65396,1.4645,0.99785,-0.24064,-0.041296,-0.49494,0.15442,-0.42184,0.17014,-0.39176,2.3104,-1.467,-0.7414,0.16289,0.63499,0.366,0.061233,0.16462,0.52237,1.17,0.024096,-0.37142,-1.6165,-0.016129,0.35065,-0.50545,0.81433,-0.074618,-1.1731,-0.46821,0.8154,0.2688,0.79388,-0.077285,0.04378,-0.95359
-1.4863,-1.4088,-1.9418,0.40514,0.37023,1.9284,1.0131,-1.7041,0.81477,1.4357,-1.1053,-0.30024,-0.7629,0.54739,-0.33589,2.4528,-1.6426,1.9055,-0.027369,-0.6128,0.11373,-0.74043,-0.29758,2.4045,1.4106,1.6495,1.1447,-0.1713,-0.621,1.7412,-0.80973,0.49001,-0.30621,-1.3427,0.80397,-1.4639,1.3249
0.4307,5.0103,-0.78383,4.9794,0.10871,-2.8305,0.2653,-1.7352,-1.2767,2.3951,-1.0026,4.3099,4.5202,0.33985,-0.72612,-2.7551,-1.8068,-2.5328,-1.4836,-2.2823,-1.7066,-2.2033,-2.27,-1.0945,-2.4323,1.6706,-0.89793,1.3478,4.2238,-2.3012,-1.6738,-2.2986,6.1619,-1.1089,5.955,4.538,-0.083635
-0.88097,7.9214,-2.0631,6.7445,-0.070546,-3.1452,-1.0904,-2.5725,-2.6096,4.0056,-2.4587,5.8376,6.1277,0.21937,-1.0612,-3.3727,-2.2666,-3.5607,-2.4747,-2.8331,-2.6347,-1.3762,-2.1517,-2.5235,-3.3035,4.5953,-1.8001,0.7184,6.607,-3.9203,-2.696,-3.3773,8.8921,-1.1588,7.528,8.3805,-0.55116
-0.028211,0.66336,0.34497,-0.75273,0.66895,0.10962,-0.22431,0.25728,-0.56536,-0.10498,0.21472,0.5743,0.094579,0.055553,-0.11899,0.31365,0.19863,0.56698,0.31305,-0.33761,0.022589,-0.26384,-0.53345,-0.0076488,-0.042841,0.098234,0.71401,0.041226,0.19704,-0.078515,0.23976,-0.054131,-0.11194,-0.19392,-0.48876,0.17829,-0.29555
0.19843,0.011442,-0.3033,-0.70807,-0.73327,-0.53088,-0.18648,-0.49226,0.28882,0.33652,-0.2587,0.34297,0.54754,0.2953,0.81798,-0.24213,0.13841,-0.27078,-0.20567,0.61618,0.99075,0.71833,0.25978,-0.85226,0.63016,-0.38688,-0.086525,0.46915,-0.86077,-0.27824,0.92556,-0.00312,-0.4025,0.22826,-0.19528,-0.36901,-0.23186
0.64171,-0.089759,0.29097,-0.38074,-1.2509,-0.30229,0.86015,-0.68412,0.84567,0.056693,0.97112,0.63765,0.29464,1.5565,0.32459,-0.50815,0.088917,-0.16468,-0.22929,-0.7825,-0.64354,-0.67429,0.027441,0.27844,0.033059,0.76566,1.1289,0.37957,-0.79114,-0.66871,0.7204,-0.40366,-0.70324,-0.2632,-0.29771,-0.73687,0.48039
-0.54456,0.40998,-0.6081,-0.24861,-0.16432,-0.8786,0.18772,1.036,-0.44331,2.2212,0.086527,-0.3944,-0.65334,-1.1602,0.64735,-0.33777,-0.75401,0.55869,-0.22953,0.2811,-0.0027804,0.43264,-0.070487,0.16756,1.1799,-0.81955,-0.092577,-0.40963,-0.15354,-0.57094,0.66707,-0.49137,-0.49576,0.2674,-0.044518,-0.98894,-0.040582
0.74538,0.641,0.044562,0.27881,-0.15913,-0.82934,-0.69438,0.96617,-0.22345,1.1225,1.4592,-0.3898,-0.27943,0.32426,0.1612,-1.1336,1.8565,-0.15484,-0.48753,-0.31048,-0.61555,-0.40961,-0.12751,-0.35765,-1.0717,0.20958,0.38469,0.68276,-0.34023,-1.1,0.66468,-0.32661,-0.15104,-0.32262,-0.60109,-0.42591,-0.07084
0.11179,0.022782,-0.015481,-0.32661,-0.61264,-0.1539,0.092282,0.16957,0.010654,0.79804,0.38097,0.49948,0.45135,0.44359,-0.11027,-0.63801,0.36507,0.26922,0.044633,-0.45525,-0.15322,-0.50866,-0.13731,0.38782,-1.5949,-2.7895,0.75169,0.2856,-0.5711,-0.46571,0.95661,-0.37123,0.60862,-0.21236,0.1569,0.092194,0.079719
0.36374,0.34837,-0.34196,-0.20419,-0.79871,-0.086987,0.23511,-0.38217,0.21815,0.32134,0.20505,0.50856,-0.092226,0.11427,0.18915,-0.34527,-0.28232,0.20969,0.075866,0.25175,-0.28388,0.21123,-0.024812,0.08965,-0.16988,-0.26448,-0.18881,0.49545,-0.64245,-0.14913,0.5711,0.13411,-0.79489,-0.19903,-0.091143,-0.96236,0.37987
0.45825,0.79781,0.16397,0.092494,0.24977,-0.39232,0.39022,-0.16548,0.10233,0.51416,-0.15497,0.16049,0.40269,0.32917,-0.11082,-0.099462,0.12417,-0.77075,-0.10916,0.27872,0.17013,0.31886,-0.030728,-0.20481,-1.4859,-0.045821,0.26624,0.41914,0.070879,-0.76325,0.3735,-0.49578,0.010751,0.51561,-0.28046,0.31718,0.54648
0.64101,-0.44282,0.97695,-0.13322,0.23555,-0.43615,-0.16232,-0.26947,-0.69577,-0.15661,-1.3457,-0.19235,-0.4947,-0.36242,-0.034308,-0.10656,-0.019209,-0.22903,0.21867,0.41673,0.91858,0.43994,0.3876,-0.4433,-0.44469,0.31419,-0.10189,0.081556,0.24289,-0.49637,-0.093478,0.26948,0.66041,0.051207,-0.57016,-0.19317,0.20851
0.31847,0.56174,0.35938,0.11779,0.64316,-0.4641,-0.20906,-0.30632,-0.45045,-0.18821,-0.14464,-0.42473,0.29025,0.17039,-0.15624,-0.50323,0.21438,0.14688,-0.014864,0.46243,0.47403,-0.0067433,0.004029,0.7949,-0.82753,0.26649,0.026754,0.22754,-0.082025,-0.47097,0.22604,-0.49665,-0.3803,0.44418,-0.25137,0.49177,-0.23252
-0.027336,0.26308,0.58919,-0.22124,-0.6012,0.62195,0.21055,0.51498,-0.48045,-0.12391,-0.19975,0.56471,-0.05689,-0.2657,-0.49651,2.7534,0.20221,0.58816,-0.42782,0.85412,0.14924,-0.11546,-0.73256,0.357,-0.79951,0.073154,-0.83338,0.4094,-0.60316,0.16933,1.022,0.14597,-0.68112,-0.51023,-0.46652,-0.49459,0.24874
0.44698,0.61443,0.76089,-1.3554,-0.91683,1.0896,-0.79967,0.54834,-0.11541,1.3188,1.0468,1.143,-0.9986,1.4074,0.36798,0.12462,1.3646,-1.1171,-0.50719,0.16835,-0.21134,-1.3019,-1.0955,0.44454,-1.2128,-0.48005,0.38069,-0.40501,-0.072935,-0.45478,0.56585,0.35751,-1.3137,0.36323,-1.243,-0.64497,-0.86932
0.24812,0.84827,0.58547,-0.090023,-0.11497,0.41976,0.4478,-0.31611,0.041531,-0.076121,-0.61343,-0.16569,0.1969,-0.52104,-0.11504,0.14396,0.49321,0.075924,0.1358,-0.26497,0.047424,0.45696,0.1732,-0.28675,-0.045186,-0.28766,-0.66847,-0.085408,0.19147,0.12859,0.19513,0.15288,-0.4386,-0.44866,-0.095307,-1.002,0.42403
-0.67377,-0.21089,-0.16107,-0.55404,-0.1208,-1.4833,1.2288,-1.06,0.62853,-1.1746,-0.82241,0.37838,1.6398,-1.3603,-1.0188,-0.56491,-0.058874,-0.71347,0.082903,0.91597,0.92336,0.55908,0.66086,-1.699,-0.15643,-0.34479,-0.63117,1.9528,-0.29461,-0.090667,0.573,0.68526,0.3812,-0.37795,1.134,-0.45811,1.0487
0.08763,-0.25492,0.3509,-0.4073,-0.3826,0.00015521,-0.34846,0.46334,-0.3659,0.93638,0.45792,0.82483,-0.48084,-0.76979,-0.34478,1.2376,0.49509,-0.074182,-0.3717,-0.11771,1.1706,0.22276,0.037588,0.30222,0.024458,-0.41982,0.81756,-1.1676,-0.066405,0.083545,1.6422,0.62124,0.23974,-0.054109,-0.081081,-0.58591,-0.90253
-1.5485,-0.44358,0.44109,-0.10914,-1.6392,1.1267,-1.1726,0.50253,-1.6706,0.72756,1.1432,0.29834,0.97337,-1.2638,-0.73074,1.0512,1.1974,-0.024731,0.047786,-0.35446,0.025006,0.015708,-0.56487,0.18621,-0.23675,-0.75968,-0.95435,-0.83106,-0.5814,0.80034,0.94646,0.29237,0.74121,-0.41632,-1.8542,-0.69308,-0.68049
1.2702,0.4961,0.17079,-0.47988,-0.11378,0.21965,-0.46007,0.36203,-0.77721,-0.43827,-0.24209,-0.1892,-0.25643,-0.85832,1.0074,-0.74495,-0.11719,0.31704,-0.83531,0.70866,0.12692,0.61238,-0.43137,-0.22337,0.33835,-0.48102,-0.53795,0.35566,0.11728,0.047626,-0.05149,0.10516,-0.10114,-0.21356,-0.50452,-0.087746,0.041154
0.20036,1.1295,0.46067,0.52605,-0.13427,0.54365,1.128,-0.30968,-0.17094,0.31135,-0.85303,-0.67069,0.40862,-1.1927,-2.2672,-0.19782,0.89809,-0.20026,0.41669,-0.4693,0.50984,0.5741,0.62078,-0.41931,-1.3887,0.6301,-0.28789,0.46582,0.57421,-0.25936,0.3327,-0.10788,0.19863,-0.11768,0.32725,0.20024,0.017427
0.86639,0.75655,-0.37935,0.51467,0.015294,0.092864,0.19691,0.28143,-0.86837,0.89575,-0.16273,0.29776,-0.33246,-0.54804,0.24384,-0.24281,0.1236,-0.8562,-0.80597,0.21106,0.25076,0.54435,0.082748,-1.2161,-0.045323,0.47097,0.65233,0.66126,-0.27825,0.089625,0.40931,-0.21039,0.069996,0.16667,-0.060406,0.35238,0.60041
0.1251,0.66553,0.81702,2.0717,0.71642,0.089376,-0.48864,0.15568,-0.50069,0.29226,-0.42739,-0.17349,-0.40876,0.15175,0.24669,0.22357,0.083201,-0.41575,-0.30573,0.23922,-0.45214,-0.066662,-0.020768,-1.0724,-0.41502,-0.045716,-0.11909,0.46202,0.81268,-0.67637,-0.12556,-0.63684,0.75104,0.28444,-0.24903,0.43447,0.5174
-0.92004,-0.57106,-0.57862,0.26355,0.48176,-0.23975,0.3811,0.95336,0.85013,0.32186,0.66044,0.41407,0.80696,0.8114,1.6303,-0.77697,-1.0234,1.0095,-0.82666,0.93332,-1.1091,0.024759,-0.56347,0.43582,-0.30378,-1.2062,-1.4755,0.25114,0.13081,1.0729,-0.11631,-1.117,0.57479,-0.45972,0.4115,1.6038,1.2032
-0.95118,1.2265,-0.083213,0.75581,0.47899,-0.22649,-0.51712,-0.23463,-0.63815,-1.7116,-1.3512,-0.83303,1.1901,-1.5346,-0.45802,-0.22174,0.45225,-0.61342,0.82897,-0.14751,0.26636,0.20721,1.1968,-0.90814,-1.7388,0.64268,0.65245,1.0617,0.99405,-0.3163,0.44756,-0.58994,1.1821,1.4281,1.1113,0.24913,-0.03595
1.0757,0.96815,0.59039,0.42981,0.658,0.5132,-0.55212,0.15617,-1.8618,-1.8747,-2.2611,-0.19885,0.60859,-1.6836,0.71432,0.5845,0.64252,0.44137,0.90254,0.58721,0.8296,0.88866,-0.097691,-1.1629,-1.9256,-0.39995,-0.63213,0.18879,0.62887,-0.18361,-1.7087,1.4713,0.80539,0.14776,0.65301,0.78677,0.41799
0.39755,1.3881,0.46576,0.77233,0.53887,0.074841,-0.69884,-0.03876,-0.37969,-0.05808,-1.1145,-0.046936,0.3104,-0.91701,0.75435,-0.059749,-0.017353,-0.31211,0.18846,0.11536,0.040237,0.20714,-0.10142,-0.97588,-0.69662,0.33349,-0.53509,0.33005,1.5353,-0.27689,-1.008,-0.40486,0.083271,0.50179,0.93749,0.39358,0.19806
-0.53979,-1.3932,0.39299,-1.2476,2.0669,1.1091,1.1122,-0.70404,0.23199,0.82829,-0.15715,-0.37584,0.33045,1.433,-0.45949,0.64422,-0.59163,0.065082,0.019385,-0.309,0.13029,-0.86887,-0.70713,0.98559,0.23485,-0.13479,-0.11935,0.70412,-0.52434,-0.52501,0.035806,0.23281,0.12868,-0.44385,-0.14286,-2.0216,0.51829
0.10249,-0.0065455,-0.18233,0.43388,0.12299,-0.012549,-0.24226,0.44463,0.2622,-0.24809,-0.18487,-0.015889,-0.48725,0.57392,-0.5534,-0.17862,-0.049123,0.16716,-0.39569,0.14225,0.14248,-0.11862,-0.020999,-0.28763,-0.3083,1.4092,1.2053,-0.79994,0.071609,0.025087,-0.15117,-0.41162,-0.92235,1.0556,-0.32221,0.0428,-0.47767
0.50775,0.59792,0.02289,-0.36706,-0.52861,0.29142,0.23386,-0.43198,-0.061464,0.21554,-0.27156,-0.57093,-0.15566,0.40215,-0.48774,-0.54234,0.2296,-0.10189,0.3463,0.10364,0.19217,0.14226,-0.0020581,-0.35012,0.13998,0.22459,-0.24623,0.39992,0.17383,-0.17955,0.44822,0.19425,-0.098313,-0.37707,-0.087341,-0.85009,0.48931
